File; Timeout;

ist_news_file;0
example;0
image2;0
Moby;0
image1;0
Slide1;0
Slide2;0
Slide3;0
Slide4;0
Slide5;0
Slide6;0
Slide7;0
Slide8;0
ist_events_file;0
image3;0
menu_file;0
fbdeec_file;0
Slide10;0
Slide11;0
Slide12;0
Slide13;0
Slide14;0
Slide15;0
Slide16;0
Slide17;0
Slide18;0
Slide19;0
Slide20;0
Slide21;0
Slide22;0
Slide9;0
Slide23;0
Slide24;0
Slide25;0
Slide26;0
Slide27;0
Slide28;0
Slide29;0
Slide30;0
Slide31;0
Slide32;0
Slide33;0
Slide34;0
Slide35;0
Slide36;0
Slide37;0
Slide38;0
Slide39;0
Slide40;0
Slide41;0
Slide42;0
Slide43;0
Slide44;0
Slide45;0
Slide46;0
Slide47;0
Slide48;0
Slide49;0
Slide50;0
Slide51;0
Slide52;0
Slide53;0
Slide54;0
Slide55;0
Slide56;0
Slide57;0
Slide58;0
Slide59;0
Slide60;0
teaser;0
books;0
